{
    "window_size": 500,
    "overlap": 0.3,
    "total_samples": 3701,
    "training_samples": 2430,
    "validation_samples": 488,
    "test_samples": 783,
    "input_shape": [
        2430,
        500,
        12
    ],
    "num_classes": 6,
    "class_names": [
        "Downstairs",
        "Upstairs",
        "Sitting",
        "Standing",
        "Walking",
        "Jogging"
    ],
    "scaler_mean": [
        -0.14481781014814823,
        -0.9736657910567373,
        -0.15388123205679366,
        0.0360051296238708,
        0.7412838521991404,
        -0.10105937813168611,
        0.0036211999341561945,
        0.01779117088724177,
        0.011898630220575817,
        -0.005489428378600772,
        0.0456052752288043,
        0.03739366320164507
    ],
    "scaler_scale": [
        1.6523646261725242,
        0.5198235300410402,
        1.5686926279718856,
        0.32615409219368857,
        0.3544933411808079,
        0.45489616268238403,
        1.2951256205365294,
        1.2109216771779536,
        0.837707130848411,
        0.3291045849450567,
        0.5340342576577247,
        0.36457679616360483
    ]
}