{
    "window_size": 500,
    "overlap": 0.5,
    "total_samples": 5102,
    "training_samples": 3343,
    "validation_samples": 672,
    "test_samples": 1087,
    "input_shape": [
        3343,
        500,
        12
    ],
    "num_classes": 6,
    "class_names": [
        "Downstairs",
        "Upstairs",
        "Sitting",
        "Standing",
        "Walking",
        "Jogging"
    ],
    "scaler_mean": [
        -0.1507581688148465,
        -0.9732321794454198,
        -0.15881475270355036,
        0.03603244201196804,
        0.7410013811684473,
        -0.10150757302482885,
        0.0037260706353572388,
        0.019654563183365562,
        0.01271045764163879,
        -0.005649568107687731,
        0.0459732512037077,
        0.03838331037929889
    ],
    "scaler_scale": [
        1.6514564503583145,
        0.518892377738816,
        1.567386513391448,
        0.32664020784460546,
        0.35358965151906674,
        0.45560826914167196,
        1.2940545410217084,
        1.2101389142480699,
        0.839118207438268,
        0.3290820163454836,
        0.5348938243872593,
        0.3653609535803755
    ]
}