{
    "window_size": 512,
    "overlap": 0.5,
    "total_samples": 4971,
    "training_samples": 3256,
    "validation_samples": 654,
    "test_samples": 1061,
    "input_shape": [
        3256,
        512,
        12
    ],
    "num_classes": 6,
    "class_names": [
        "Downstairs",
        "Upstairs",
        "Sitting",
        "Standing",
        "Walking",
        "Jogging"
    ],
    "scaler_mean": [
        -0.14907280421543015,
        -0.9734127934546497,
        -0.16119464191647642,
        0.03611041468695079,
        0.7410042247095812,
        -0.10226397721154486,
        0.003480541513503635,
        0.018500850007075905,
        0.012836548390231023,
        -0.005235082414556727,
        0.04574582419475363,
        0.03829294894761496
    ],
    "scaler_scale": [
        1.6499963485318614,
        0.5198879457500571,
        1.5668339832540155,
        0.32615622739080063,
        0.35435656881902416,
        0.4551790020124867,
        1.2921972813557843,
        1.20973696030255,
        0.8383402653964939,
        0.3287344396506354,
        0.5339830740929856,
        0.3648266779846101
    ]
}