{
    "window_size": 128,
    "overlap": 0.5,
    "total_samples": 21539,
    "training_samples": 14135,
    "validation_samples": 2828,
    "test_samples": 4576,
    "input_shape": [
        14135,
        128,
        12
    ],
    "num_classes": 6,
    "class_names": [
        "Downstairs",
        "Upstairs",
        "Sitting",
        "Standing",
        "Walking",
        "Jogging"
    ],
    "scaler_mean": [
        -0.1482565346408543,
        -0.9780989092119691,
        -0.1490692767686497,
        0.03513543051600849,
        0.744669819989189,
        -0.10134792025391504,
        0.0036162891061635536,
        0.018340125219422698,
        0.012492916421449384,
        -0.004883634382738039,
        0.04674975566413186,
        0.0381929088924876
    ],
    "scaler_scale": [
        1.6503913776460422,
        0.5178432605682702,
        1.5799725099668367,
        0.3252919392117943,
        0.35315929070957197,
        0.45100811998506984,
        1.3134925737004803,
        1.2321396371668414,
        0.8570788379629272,
        0.33599093627053706,
        0.5438863226240404,
        0.37153412164458266
    ]
}