{
    "window_size": 256,
    "overlap": 0.5,
    "total_samples": 10494,
    "training_samples": 6884,
    "validation_samples": 1377,
    "test_samples": 2233,
    "input_shape": [
        6884,
        256,
        12
    ],
    "num_classes": 6,
    "class_names": [
        "Downstairs",
        "Upstairs",
        "Sitting",
        "Standing",
        "Walking",
        "Jogging"
    ],
    "scaler_mean": [
        -0.14870020732859526,
        -0.9764129570091651,
        -0.1524305134670179,
        0.03542357267985735,
        0.743348142437991,
        -0.10126106460122918,
        0.0033702404046065163,
        0.01878461625916763,
        0.01252295134891582,
        -0.004995991119579647,
        0.04646857485598317,
        0.03816800211427724
    ],
    "scaler_scale": [
        1.6509811003603538,
        0.5191478968820843,
        1.5758775180906264,
        0.3255707063502073,
        0.35407729376846553,
        0.4522626852615466,
        1.3074224370204115,
        1.226456020458558,
        0.8513411674187572,
        0.3340370395869665,
        0.5412236219281941,
        0.36992863934001313
    ]
}