{
    "window_size": 500,
    "overlap": 0.8,
    "total_samples": 12637,
    "training_samples": 8275,
    "validation_samples": 1669,
    "test_samples": 2693,
    "input_shape": [
        8275,
        500,
        12
    ],
    "num_classes": 6,
    "class_names": [
        "Downstairs",
        "Upstairs",
        "Sitting",
        "Standing",
        "Walking",
        "Jogging"
    ],
    "scaler_mean": [
        -0.14984021653239246,
        -0.9706907664787451,
        -0.16407460342863014,
        0.03617017736917746,
        0.7391360054459527,
        -0.1017662462745532,
        0.003559292119879493,
        0.01938246737643434,
        0.012839277848941968,
        -0.005693017944410038,
        0.04559092864072441,
        0.0386711321372838
    ],
    "scaler_scale": [
        1.651649215133103,
        0.5210554543950269,
        1.5659773662263456,
        0.3271301295492806,
        0.35523803109506075,
        0.45693377156029186,
        1.2890719659218155,
        1.205295995249513,
        0.8325886888118105,
        0.32778719132538725,
        0.5319064692157347,
        0.3641296136246961
    ]
}