{
    "window_size": 750,
    "overlap": 0.5,
    "total_samples": 3225,
    "training_samples": 2114,
    "validation_samples": 427,
    "test_samples": 684,
    "input_shape": [
        2114,
        750,
        12
    ],
    "num_classes": 6,
    "class_names": [
        "Downstairs",
        "Upstairs",
        "Sitting",
        "Standing",
        "Walking",
        "Jogging"
    ],
    "scaler_mean": [
        -0.1519577678076435,
        -0.9692942027657111,
        -0.17012962696939968,
        0.036642407766007745,
        0.7379223315862624,
        -0.10081911457710564,
        0.0030790323878899864,
        0.02032948338946482,
        0.012974917102490772,
        -0.005954301833491096,
        0.044937226084516176,
        0.038151251638599185
    ],
    "scaler_scale": [
        1.653228586104043,
        0.5210854516569179,
        1.5571156851990375,
        0.3276425559859343,
        0.3549677021275301,
        0.45890638583228205,
        1.2809180155757205,
        1.1968137444070166,
        0.8246664605022592,
        0.3247654064362381,
        0.5285239510549172,
        0.36173196872246244
    ]
}